Category,Entertainment,16209111476,,Music,82020,1436140019
Entertainment,52021,1178513339,,Music,102020,1413987047
Entertainment,62021,1023056806,,Music,112020,1287257055
Entertainment,42021,916373487,,Music,52021,1263317139
Entertainment,122021,916282411,,Music,92020,1165884968
Entertainment,112021,763754094,,Music,32021,1122881635
Entertainment,72021,759405487,,Music,92021,1067878337
Entertainment,62022,741363726,,Music,72021,1064226028
Entertainment,82021,696630461,,,,
Entertainment,12022,685009828,,,,
,,,,,,
,,,,,,
,,,,,,
,,,,,,
Category,Entertainment,16209111476,,,,
Gaming,102021,622611350,,,,
Gaming,62021,620765112,,,,
Gaming,42021,605047921,,,,
Gaming,52021,546412927,,,,
Gaming,92021,518206207,,,,
